{"Model": "Decision Tree", "Accuracy": 0.7409510290986515, "F1-Score (Churn)": 0.6193952033368092, "ROC-AUC": 0.8320855614973262}