{"Model": "Neural Network", "Accuracy": 0.7934705464868701, "F1-Score (Churn)": 0.593006993006993, "ROC-AUC": 0.8405977937947247}