{"Model": "Neural Network", "Accuracy": 0.7963094393186657, "F1-Score (Churn)": 0.57856093979442, "ROC-AUC": 0.8408716319202253}